<?xml version="1.0" encoding="UTF-8"?>
<beans xmlns="http://www.springframework.org/schema/beans"
	xmlns:xsi="http://www.w3.org/2001/XMLSchema-instance" xmlns:context="http://www.springframework.org/schema/context"
	xmlns:mvc="http://www.springframework.org/schema/mvc"
	xsi:schemaLocation="http://www.springframework.org/schema/beans  
       http://www.springframework.org/schema/beans/spring-beans.xsd  
       http://www.springframework.org/schema/context  
       http://www.springframework.org/schema/context/spring-context.xsd  
       http://www.springframework.org/schema/mvc  
       http://www.springframework.org/schema/mvc/spring-mvc.xsd">
	<!-- 配置上下文扫描 -->

	<context:component-scan base-package="com.sf.*"></context:component-scan>

	<!-- 配置C3P0 必须在主配置里面配置 不然会出错....2333 -->
	<!-- 加载配置文件 -->
	<context:property-placeholder location="classpath:jdbc.properties" />


	<!-- 配置数据源 -->
	<bean id="dataSource" class="com.mchange.v2.c3p0.ComboPooledDataSource">
		<property name="driverClass" value="${driverClassName}"></property>
		<property name="jdbcUrl" value="${url}"></property>
		<property name="user" value="${username}"></property>
		<property name="password" value="${password}"></property>
		<!-- 最小连接池的大小 -->
		<property name="minPoolSize" value="1"></property>
		<!-- 最大 -->
		<property name="maxPoolSize" value="5"></property>
		<!-- 刚开始获取多少个链接 -->
		<property name="initialPoolSize" value="3"></property>
		<!-- 连接数不够的时候 获取多少条 -->
		<property name="acquireIncrement" value="1"></property>



		<!-- 连接池信息 当连接池中的连接用完时，C3P0一次性创建新连接的数目 --><!-- <property name="acquireIncrement" value="${c3p0.acquireIncrement}" 
			/> -->
		<!-- 初始化时创建的连接数，应在minPoolSize与maxPoolSize之间取值。默认为3； -->  <!-- <property name="initialPoolSize" value="${c3p0.initialPoolSize}" /> -->
		<!-- 最大空闲时间，超过空闲时间的连接将被丢弃。为0或负数则永不丢弃。默认为0； -->   <!-- <property name="maxIdleTime" value="${c3p0.maxIdleTime}" /> -->
		<!-- 连接池中保留的最小连接数。默认为15 --><!-- <property name="minPoolSize" value="${c3p0.minPoolSize}" /> -->
		<!-- 连接池中保留的最大连接数。默认为15； --><!-- <property name="maxPoolSize" value="${c3p0.maxPoolSize}" /> -->
		<!-- JDBC的标准参数，用以控制数据源内加载的PreparedStatement数量。但由于预缓存的Statement属 于单个Connection而不是整个连接池。所以设置这个参数需要考虑到多方面的因素，如果maxStatements与 
			maxStatementsPerConnection均为0，则缓存被关闭。默认为0； -->
		<!-- <property name="maxStatements" value="${c3p0.maxStatements}" /> -->
		<!-- 连接池内单个连接所拥有的最大缓存Statement数。默认为0； -->
		<!-- <property name="maxStatementsPerConnection" value="${c3p0.maxStatementsPerConnection}"/> -->

	</bean>
		
	<mvc:interceptors>
		<!-- 国际化操作拦截器 如果采用基于（请求/Session/Cookie）则必需配置 --> 
        <bean class="org.springframework.web.servlet.i18n.LocaleChangeInterceptor" />  
        <!-- 如果不定义 mvc:mapping path 将拦截所有的URL请求 -->
           	<mvc:interceptor>
           				<!-- 扫描所有 -->
           			 <mvc:mapping path="/**" />
           			 <!-- 不扫描 -->
           			 
           			  <mvc:exclude-mapping path="/index.sf"/><!-- 首页 -->
           			 <mvc:exclude-mapping path="/one"/><!-- 首页 -->
           			 <mvc:exclude-mapping path="/logoone.sf"/><!-- 首页 -->
           			 <mvc:exclude-mapping path="/login.sf"/><!-- 登录 -->
           			 <mvc:exclude-mapping path="/loginservice.sf"/><!-- 登录请求 -->
           			 <mvc:exclude-mapping path="/zhuce.sf"/><!-- 注册 -->
           			 
           			 <mvc:exclude-mapping path="/loginservice.sf"/><!-- 登录 -->
           			 <mvc:exclude-mapping path="/messageuser.sf"/><!-- 注册 -->
           			 <mvc:exclude-mapping path="/register.sf"/><!-- 注册请求 -->
           			  <mvc:exclude-mapping path="/testshabi.sf"/><!-- 详情 -->
           			 <mvc:exclude-mapping path="/ajaxtijiao1.sf"/><!-- 分类ajax --> 
           			 <mvc:exclude-mapping path="/Shopping.sf"/><!-- 商品 -->
           			 <mvc:exclude-mapping path="/gridspay.sf"/><!-- 商品详情 -->
           			<mvc:exclude-mapping path="/video.sf"/><!-- 视频播放 -->
           			<mvc:exclude-mapping path="/messageuser.sf"/><!-- 视频播放 -->
           			<mvc:exclude-mapping path="/ajaxTuiJian"/><!-- 首页ajax -->
           			 <!-- 静态文件 -->

        <bean class="com.sf.lanjieqi.AuthInterceptor"></bean>
           	</mvc:interceptor>
        
	
	</mvc:interceptors>



		

		<!-- 文件上传 -->
    <bean id="multipartResolver" class="org.springframework.web.multipart.commons.CommonsMultipartResolver" >
		 <!--   		 p:defaultEncoding="UTF-8"  
       					 p:maxUploadSize="1073741824"  最大1Gb
        				 p:uploadTempDir="fileUpload/temp"   -->
        				 <property name="defaultEncoding" value="utf-8"></property> 
        				 <property name="maxUploadSize" value="1073741824"></property>
    </bean>
		







	<!-- 模板 -->

	<bean id="jdbcTemplate" class="org.springframework.jdbc.core.JdbcTemplate">
		<constructor-arg ref="dataSource"></constructor-arg>
	</bean>



</beans>
       